<?xml version="1.0" encoding="utf-8" ?>
<dwsync>
<file name="back_all2.gif" server="C:/xampp/htdocs/dynamic_website" local="128685657600000000" remote="128685657600000000" />
<file name="back_all.gif" server="C:/xampp/htdocs/dynamic_website" local="128685657600000000" remote="128685657600000000" />
<file name="table_back.gif" server="C:/xampp/htdocs/dynamic_website" local="128685657600000000" remote="128685657600000000" />
<file name="top.gif" server="C:/xampp/htdocs/dynamic_website" local="128685657600000000" remote="128685657600000000" />
<file name="bottom.gif" server="C:/xampp/htdocs/dynamic_website" local="128685657600000000" remote="128685657600000000" />
<file name="title.gif" server="C:/xampp/htdocs/dynamic_website" local="128685657600000000" remote="128685657600000000" />
<file name="small.gif" server="C:/xampp/htdocs/dynamic_website" local="128685657600000000" remote="128685657600000000" />
<file name="small2.gif" server="C:/xampp/htdocs/dynamic_website" local="128685657600000000" remote="128685657600000000" />
<file name="footer.gif" server="C:/xampp/htdocs/dynamic_website" local="128685657600000000" remote="128685657600000000" />
</dwsync>